Unnamed;0;files;text
0;0;0.png;LJT-830
1;1;1.png;1-AYB-424
2;2;2.png;9-GAG-916
3;3;3.png;DGA-064
4;4;4.png;TESLA-5
5;5;5.png;189497
6;6;6.png;1-YXZ-999
7;7;7.png;2-AAA-001
8;8;8.png;EYE-370
9;9;9.png;F CK 469
10;10;10.png;BPJ-125
11;11;11.png;1-ZZG-472
12;12;12.png;1-FAT-596
13;13;13.png;TYS-004
14;14;14.png;1-053304
15;15;15.png;DQK-879
16;16;16.png;HWU-284
17;17;17.png;B-0112
18;18;18.png;LAZOORE
19;19;19.png;COVID-19
20;20;20.png;1-FEM-670
21;21;21.png;EHJ 369
22;22;22.png;AI 7007 H0
23;23;23.png;192-JVR
24;24;24.png;JB-22-11
25;25;25.png;ABM-777
26;26;26.png;HNS-169
27;27;27.png;SFH-498
28;28;28.png;1-AAL-547
29;29;29.png;7-VC-41
30;30;30.png;1-SSP-569
31;31;31.png;KR 982MV
32;32;32.png;1-AYB-441
33;33;33.png;JLJ-001
34;34;34.png;CVE-470
35;35;35.png;OBU-159
36;36;36.png;KGR-502
37;37;37.png;CD-AI-697
38;38;38.png;SHANTI-1
39;39;39.png;PEL-1
40;40;40.png;UGUR
41;41;41.png;PAN RAMBO
42;42;42.png;FUNERAL
43;43;43.png;004-ADI
44;44;44.png;9-JV-000
45;45;45.png;KAPOEN-6
46;46;46.png;192-JVR
47;47;47.png;S-9999
48;48;48.png;PZA-037
49;49;49.png;DEKA
50;50;50.png;9-ET-777
51;51;51.png;0-AAH-713
52;52;52.png;T-LAH-003
53;53;53.png;SABRINAA
54;54;54.png;MALLANTS
55;55;55.png;J-ADORE
56;56;56.png;JW-1
57;57;57.png;FALCON-X
58;58;58.png;003-GEE
59;59;59.png;BABY-77
60;60;60.png;JOLAN
61;61;61.png;HLK-888
62;62;62.png;LAURENCE
63;63;63.png;KEREM
64;64;64.png;789-JPL
65;65;65.png;WOOD
66;66;66.png;CS-32
67;67;67.png;HUSO
68;68;68.png;DURMAZ
69;69;69.png;B-2428
70;70;70.png;B-1999
71;71;71.png;PPH
72;72;72.png;A-86
73;73;73.png;SATAN
74;74;74.png;GRRR
75;75;75.png;HITLER
76;76;76.png;ROUCHES
77;77;77.png;SDL-045
78;78;78.png;B-0168
79;79;79.png;11-A-11
80;80;80.png;BIV-001
81;81;81.png;ABU-541
82;82;82.png;91-Z-53
83;83;83.png;RP-IMMO
84;84;84.png;SEB-VETO
85;85;85.png;MASEMYK
86;86;86.png;SAHINGOZ
87;87;87.png;KYS
88;88;88.png;05-H-38
89;89;89.png;T-G-06
90;90;90.png;PASCAN-T
91;91;91.png;POG-A
92;92;92.png;FOX-ONE
93;93;93.png;999-KAN
94;94;94.png;13-M-02
95;95;95.png;1-ZAJ-056
96;96;96.png;OPTICIS
97;97;97.png;AMG-GT-1
98;98;98.png;AB-01
99;99;99.png;KOLEA
100;100;100.png;TROTTA-1
101;101;101.png;L-4749-P
102;102;102.png;RUDY-76
103;103;103.png;TP-001
104;104;104.png;LAM-010
105;105;105.png;VDB-981
106;106;106.png;VS 001 BU
107;107;107.png;ENJOY-1
108;108;108.png;LAM-010
109;109;109.png;KEV-991
110;110;110.png;KET-537
111;111;111.png;230-BEK
112;112;112.png;CARYA
113;113;113.png;1-AZR 086
114;114;114.png;1-AYR 538
115;115;115.png;M-AJA 039
116;116;116.png;0-ABA-175
117;117;117.png;Q-AAN-986
118;118;118.png;CSC-88
119;119;119.png;FUNDANCE
120;120;120.png;CD-AJ-166
121;121;121.png;82684
122;122;122.png;SPAC 361
123;123;123.png;XA-19-RWP
124;124;124.png;B 2 94S
125;125;125.png;S 606 B
126;126;126.png;9 XC 86
127;127;127.png;H-823-V
128;128;128.png;KHZ-325
129;129;129.png;EIR-887
130;130;130.png;EQU-652
131;131;131.png;994-ABJ
132;132;132.png;080-BJF
133;133;133.png;1-TXL-085
134;134;134.png;8-AA0-304
135;135;135.png;9-TSE-007
136;136;136.png;9-911-JBW
137;137;137.png;CD-AB098
138;138;138.png;AB-671-LD
139;139;139.png;PO 9MP52
140;140;140.png;BL-630-XD
141;141;141.png;DD-558-PZ
142;142;142.png;ET 813XP
143;143;143.png;IDePLATE
144;144;144.png;WOB RL310
145;145;145.png;WOB AV 151
146;146;146.png;VBJ-87-T
147;147;147.png;1-ZKK-47
148;148;148.png;SG SH-610
149;149;149.png;GR 21661
150;150;150.png;S GO 1408
151;151;151.png;HR0 D 819
152;152;152.png;M DT 5081
153;153;153.png;MB DT 781
154;154;154.png;B MW 6220
155;155;155.png;S MC 9348
156;156;156.png;M UG 0104
157;157;157.png;M G 5387
158;158;158.png;K SC 124
159;159;159.png;Y-127-508
160;160;160.png;WOB AV 151
161;161;161.png;M-GX 1234
162;162;162.png;K PC 1313
163;163;163.png;B RL 702
164;164;164.png;MU BI 40
165;165;165.png;WOB VW 140
166;166;166.png;K NC 0819
167;167;167.png;AC AB 381
168;168;168.png;DO FI 1414
169;169;169.png;CK-923-EJ
170;170;170.png;WW-764-AS
171;171;171.png;AY-582-RE
172;172;172.png;884 VD 69
173;173;173.png;1233 DC 33
174;174;174.png;AW-817-XD
175;175;175.png;AB-344-CA
176;176;176.png;AV-456-CE
177;177;177.png;AC-627-LC
178;178;178.png;FL-996-GT
179;179;179.png;AA-900-AC
180;180;180.png;AV-882-QG
181;181;181.png;BQ-113-ZE
182;182;182.png;4315RD 11
183;183;183.png;AA-487-AB
184;184;184.png;DC-955-VZ
185;185;185.png;BQ-751-BA
186;186;186.png;AB-344-CA
187;187;187.png;B 45 -343
188;188;188.png;DE-333-JG
189;189;189.png;BG-494-NA
190;190;190.png;EQ-243-TJ
191;191;191.png;335 CYD 59
192;192;192.png;BH-852-MW
193;193;193.png;BB-815-HK
194;194;194.png;BG-859-VQ
195;195;195.png;4-TLZ-23
196;196;196.png;KL 55 R 2473
197;197;197.png;SZ 6233
198;198;198.png;BM-542-QM
199;199;199.png;GS 1313
200;200;200.png;FX 1519
201;201;201.png;KL 10 AV 6633
202;202;202.png;55342
203;203;203.png;EA 3240
204;204;204.png;PN 9306
205;205;205.png;PN 4200
206;206;206.png;KP 7456
207;207;207.png;GL-395-X
208;208;208.png;FW 4518
209;209;209.png;CD 84-27
210;210;210.png;EM 2817
211;211;211.png;RP 6724
212;212;212.png;BQ- 197-AK
213;213;213.png;AA-004-AA
214;214;214.png;CJ 8237
215;215;215.png;VD 5254
216;216;216.png;AA-721-FD
217;217;217.png;AA- 111-AA
218;218;218.png;AV 6454
219;219;219.png;DC-859-LC
220;220;220.png;AS-852-XZ
221;221;221.png;DN-382-GW
222;222;222.png;8659 YA 83
223;223;223.png;AA-596-AA
224;224;224.png;MW 6597
225;225;225.png;FX-789-0
226;226;226.png;FA 1908
227;227;227.png;TS08ER1643
228;228;228.png;3582 DS 77
229;229;229.png;CD 18-06
230;230;230.png;HB 4740
231;231;231.png;CD 14-05
232;232;232.png;653 AYY 51
233;233;233.png;17 MG-JJ
234;234;234.png;ET-347-NT
235;235;235.png;CJ- 560-JT
236;236;236.png;GL-395-X
237;237;237.png;1301 RE 08
238;238;238.png;KAZ-813
239;239;239.png;CH 2001
240;240;240.png;1-NNG-483
241;241;241.png;1-TXL-197
242;242;242.png;T-XAA-344
243;243;243.png;HR 26CT4063
244;244;244.png;HP SX 4000
245;245;245.png;HR26 BP3543
246;246;246.png;KL 10 AV 6342
247;247;247.png;1-DHB-000
248;248;248.png;1-BGK-912
249;249;249.png;KL 10 AV 6342
250;250;250.png;HR 26 U 7501
251;251;251.png;1-AAA-001
252;252;252.png;TN 74 AH 1413
253;253;253.png;920911
254;254;254.png;CD-AF109
255;255;255.png;SWK-140
256;256;256.png;1-ZAV-257
257;257;257.png;PB-RB
258;258;258.png;TF-77-FT
259;259;259.png;251 JP
260;260;260.png;KL01CA2555
261;261;261.png;YDD-704
262;262;262.png;JULIE
263;263;263.png;01-GO-RL
264;264;264.png;KL 7 BZ 99
265;265;265.png;KL 54 H 369
266;266;266.png;KL 53E 964
267;267;267.png;1-OAF-735
268;268;268.png;B 2 94S
269;269;269.png;PLATZR
270;270;270.png;1-AAL-547
271;271;271.png;APE
272;272;272.png;1-OAA-711
273;273;273.png;MH03BS7778
274;274;274.png;MH03BS7778
275;275;275.png;MH14EU3498
276;276;276.png;M-AJA-039
277;277;277.png;MH03BS7778
278;278;278.png;KA 29 Z 999
279;279;279.png;S-AAA 001
280;280;280.png;60-PJR-3
281;281;281.png;WOB NP 300
282;282;282.png;NXY-676
283;283;283.png;49-LF-LF
284;284;284.png;BELARUS
285;285;285.png;4778
286;286;286.png;1-APP-619
287;287;287.png;KA 18 P 2987
288;288;288.png;MH 46 X 9996
289;289;289.png;1-JUA-313
290;290;290.png;SEX-069
291;291;291.png;1-AAE-132
292;292;292.png;HR 11F 7575
293;293;293.png;01-LX-RP
294;294;294.png;1-AZA 208
295;295;295.png;BXH-597
296;296;296.png;KL31 B 4000
297;297;297.png;KL 10 AV 6633
298;298;298.png;897-AGN
299;299;299.png;XA-16-DKP
300;300;300.png;9-EBT-002
301;301;301.png;CATCH-ME
302;302;302.png;RS-374-B
303;303;303.png;TOM-444
304;304;304.png;2-CDE-013
305;305;305.png;LICENCE PLATE
306;306;306.png;CHIMAY
307;307;307.png;CD7883
308;308;308.png;TN 21 AT 0480
309;309;309.png;KA04MN3622
310;310;310.png;V3555
311;311;311.png;G-241-GH
312;312;312.png;GJ05 JG 9759
313;313;313.png;DL 14CTC 0153
314;314;314.png;1-TXB-732
315;315;315.png;1-UXA-468
316;316;316.png;YGK-807
317;317;317.png;FEK-714
318;318;318.png;MH 03 CB 6467
319;319;319.png;1-ZBF-401
320;320;320.png;CD-54-15
321;321;321.png;GHIND
322;322;322.png;TN 21 AT 0492
323;323;323.png;DL 6 CM 6683
324;324;324.png;39-RZ-ND
325;325;325.png;M-ADD-934
326;326;326.png;FJW-459
327;327;327.png;SKY LIMIT
328;328;328.png;1-MIA 416
329;329;329.png;1-AYB 424
330;330;330.png;1-OZA 130
331;331;331.png;GGG-GGG
332;332;332.png;TN07BV5200
333;333;333.png;1-AAA-111
334;334;334.png;1-BQQ-250
335;335;335.png;HOT-RS
336;336;336.png;1-AYB-209
337;337;337.png;1-ORH-902
338;338;338.png;KZL-799
339;339;339.png;SAAB
340;340;340.png;9-JAG-121
341;341;341.png;0-MAC-227
342;342;342.png;00-AAA-0
343;343;343.png;GF-CP-51
344;344;344.png;G-241-GH
345;345;345.png;A-TLZ-23
346;346;346.png;17-TXT-4
347;347;347.png;VK-266-J
348;348;348.png;PM-W 8011
349;349;349.png;MH 06 AW 8929
350;350;350.png;CD-00-01
351;351;351.png;15-KSG-8
352;352;352.png;RR-914-T
353;353;353.png;MH20CS9817
354;354;354.png;VBJ-87-T
355;355;355.png;BX-54-DL
356;356;356.png;2-VDR-78
357;357;357.png;HF-XG-89
358;358;358.png;PP-XF-69
359;359;359.png;RF-VZ-86
360;360;360.png;MH 20 EE 7601
361;361;361.png;MH 20 EE 7598
362;362;362.png;OK-11-YJ
363;363;363.png;ZN-91-SG
364;364;364.png;MB NT-13
365;365;365.png;17 MG-JJ
366;366;366.png;19-GR-LL
367;367;367.png;4-TSV-41
368;368;368.png;KZ-13-34
369;369;369.png;BZ-89-LK
370;370;370.png;670 ANY 60
371;371;371.png;9524 BRW
372;372;372.png;AA ES 354
373;373;373.png;CD-74-82
374;374;374.png;40-CD-94
375;375;375.png;29-KTV-7
376;376;376.png;VB 038-R
377;377;377.png;HR26DK6475
378;378;378.png;DL 10CG4693
379;379;379.png;PH-DJ-96
380;380;380.png;MH04DW8351
381;381;381.png;JY-13-JF
382;382;382.png;GB-BZ-12
383;383;383.png;BR-JR-66
384;384;384.png;63-GPX-8
385;385;385.png;02-DMJ-9
386;386;386.png;KL 06 H 5834
387;387;387.png;XS-38-ZP
388;388;388.png;52-FH-PN
389;389;389.png;AA 0000
390;390;390.png;GT 6043
391;391;391.png;AL-EX-71
392;392;392.png;TC 9237
393;393;393.png;4410
394;394;394.png;CD 70-05
395;395;395.png;ED 2803
396;396;396.png;11401
397;397;397.png;KS 9412
398;398;398.png;KA 29 Z 999
399;399;399.png;CD 84-25
400;400;400.png;EW 6465
401;401;401.png;WOR 5I6K
402;402;402.png;RP 66887
403;403;403.png;KL01CA2555
404;404;404.png;15-LK-10898
405;405;405.png;PRV ATE
406;406;406.png;GOOD
407;407;407.png;VI2 LAF
408;408;408.png;26-SPF-4
409;409;409.png;15-LK-10898
410;410;410.png;M 771276
411;411;411.png;M 90 60 90 K
412;412;412.png;YD63 LB
413;413;413.png;J98257
414;414;414.png;DL8CX 4850
415;415;415.png;VX54FVL
416;416;416.png;PZ62 FDZ
417;417;417.png;S7 JDW
418;418;418.png;B 2228HM
419;419;419.png;W-718-AX
420;420;420.png;AB 44 887
421;421;421.png;MH 15 BD8877
422;422;422.png;172 TMJ
423;423;423.png;BCG 986
424;424;424.png;OS 802-HN
425;425;425.png;IEA-6907
426;426;426.png;YNH-8511
427;427;427.png;ZYY-6708
428;428;428.png;ZHX-1648
429;429;429.png;ZYX-5517
430;430;430.png;IEE-2359
431;431;431.png;IZE-4030
